name,id,gender
James Cameron,4762,2
Gore Verbinski,4763,2
Sam Mendes,4764,2
Christopher Nolan,4765,2
Andrew Stanton,4766,2
Sam Raimi,4767,2
Byron Howard,4768,2
Joss Whedon,4769,2
David Yates,4770,2
Zack Snyder,4771,2
Bryan Singer,4772,2
Marc Forster,4773,2
Andrew Adamson,4774,2
Rob Marshall,4775,2
Barry Sonnenfeld,4776,2
Peter Jackson,4777,2
Marc Webb,4778,2
Ridley Scott,4779,2
Chris Weitz,4780,0
Anthony Russo,4781,2
Peter Berg,4782,2
Colin Trevorrow,4783,2
Shane Black,4784,2
Tim Burton,4785,2
Brett Ratner,4786,2
Dan Scanlon,4787,2
Michael Bay,4788,2
Joseph Kosinski,4789,2
John Lasseter,4790,2
Martin Campbell,4791,2
Lee Unkrich,4792,2
McG,4793,2
James Wan,4794,2
J.J. Abrams,4795,2
Baz Luhrmann,4796,2
Mike Newell,4797,2
Guillermo del Toro,4798,2
Steven Spielberg,4799,2
Peter Sohn,4800,2
Brenda Chapman,4801,1
Justin Lin,4802,0
Roland Emmerich,4803,2
Robert Zemeckis,4804,2
Lilly Wachowski,4805,1
Pete Docter,4806,2
Conrad Vernon,4807,2
Jon Favreau,4808,2
Martin Scorsese,4809,2
Rob Cohen,4810,2
David Ayer,4811,0
Tom Shadyac,4812,2
Doug Liman,4813,2
Kevin Reynolds,4814,0
Stephen Sommers,4815,2
Rupert Sanders,4816,2
Robert Stromberg,4817,0
Matt Reeves,4818,2
Roland Joffé,4819,0
Carl Rinsch,4820,0
Mike Mitchell,4821,2
Brad Bird,4822,2
Chris Williams,4823,2
Rich Moore,4824,2
Chris Sanders,4825,2
Jonathan Mostow,4826,2
James Gunn,4827,2
Hideaki Anno,4828,2
David Fincher,4829,2
Matthew Vaughn,4830,2
Francis Lawrence,4831,2
Jon Turteltaub,4832,2
Wolfgang Petersen,4833,2
James Bobin,4834,0
Chris Miller,4835,2
Duncan Jones,4836,2
Alan Taylor,4837,2
Michael Apted,4838,2
Oliver Stone,4839,2
Jan Pinkava,4840,2
Eric Darnell,4841,2
Shawn Levy,4842,2
Gavin Hood,4843,2
Chris Buck,4844,0
George Miller,4845,2
Ron Howard,4846,2
Kenneth Branagh,4847,2
Hoyt Yeatman,4848,0
Jonathan Liebesman,4849,0
Christopher McQuarrie,4850,0
Joe Johnston,4851,2
Steve Hickner,4852,2
Jennifer Yuh Nelson,4853,1
M. Night Shyamalan,4854,2
Simon Wells,4855,2
David Bowers,4856,2
Joe Wright,4857,2
Rob Minkoff,4858,2
Lee Tamahori,4859,2
Paul Feig,4860,2
Peter Ramsey,4861,2
Dean Parisot,4862,2
Edward Zwick,4863,2
Dean DeBlois,4864,2
Alex Proyas,4865,2
Richard Donner,4866,2
Ang Lee,4867,2
Jon M. Chu,4868,2
Breck Eisner,4869,2
Hironobu Sakaguchi,4870,0
Peter Weir,4871,2
Bill Condon,4872,2
Louis Leterrier,4873,2
Alejandro González Iñárritu,4874,2
David Soren,4875,0
Paul Greengrass,4876,2
Mark Osborne,4877,2
Peyton Reed,4878,2
Tim Johnson,4879,2
Phillip Noyce,4880,2
Darren Aronofsky,4881,2
Alfonso Cuarón,4882,2
Ralph Zondag,4883,2
Tom McGrath,4884,2
Chris Columbus,4885,2
Robert Schwentke,4886,2
Carlos Saldanha,4887,2
Guy Ritchie,4888,2
Paul Verhoeven,4889,2
John McTiernan,4890,0
Tony Gilroy,4891,2
Joel Schumacher,4892,2
John Woo,4893,2
Tim Story,4894,2
Mark Steven Johnson,4895,2
Neill Blomkamp,4896,2
David Twohy,4897,0
José Padilha,4898,2
James L. Brooks,4899,2
James Mangold,4900,2
George Lucas,4901,2
Thomas Langmann,4902,2
Cedric Nicolas-Troyan,4903,0
Roger Donaldson,4904,2
Dave Green,4905,0
Josh Trank,4906,2
Brad Peyton,4907,2
Roger Spottiswoode,4908,2
Steven Soderbergh,4909,2
Rob Letterman,4910,0
Michel Gondry,4911,2
Noam Murro,4912,0
Raja Gosnell,4913,2
Will Finn,4914,2
Jan de Bont,4915,2
Len Wiseman,4916,2
Frank Coraci,4917,2
Michael Mann,4918,2
Bo Welch,4919,2
Ron Clements,4920,2
Peter Chelsom,4921,2
Dominic Sena,4922,2
Tony Scott,4923,2
Paul Weitz,4924,2
Adam McKay,4925,2
Chuck Russell,4926,2
Quentin Tarantino,4927,2
Gary Trousdale,4928,2
Mark Dindal,4929,2
Simon West,4930,2
Stefen Fangmeier,4931,0
Spike Jonze,4932,2
Chris Wedge,4933,2
Florian Henckel von Donnersmarck,4934,2
Peter Hyams,4935,2
Tom Tykwer,4936,2
Pitof,4937,2
Brad Silberling,4938,0
Patrick Hughes,4939,2
Ericson Core,4940,2
Lawrence Guterman,4941,0
Ron Underwood,4942,2
Steve Martino,4943,2
David Mamet,4944,2
Zhang Yimou,4945,2
Ash Brannon,4946,2
Frank Oz,4947,2
Jay Roach,4948,2
Luc Besson,4949,2
Michael Patrick King,4950,2
Don Michael Paul,4951,2
Sergei Bodrov,4952,0
Wally Pfister,4953,2
Rupert Wyatt,4954,0
Mark Waters,4955,2
John Moore,4956,2
John Lee Hancock,4957,2
Renny Harlin,4958,2
Phil Lord,4959,0
Ben Stiller,4960,2
Tony Bancroft,4961,2
Timur Bekmambetov,4962,2
Walt Becker,4963,2
Dennis Dugan,4964,2
Sydney Pollack,4965,2
Thor Freudenthal,4966,2
Brian De Palma,4967,2
Mick Jackson,4968,2
Alan J. Pakula,4969,2
Kathryn Bigelow,4970,1
John Milius,4971,2
Andrei Konchalovsky,4972,2
Gary Ross,4973,2
Paul W.S. Anderson,4974,2
Genndy Tartakovsky,4975,0
Kevin Lima,4976,2
Daniel Espinosa,4977,2
Nancy Meyers,4978,1
Jill Culton,4979,1
Neil Burger,4980,2
Jean-Jacques Annaud,4981,2
Barry Cook,4982,2
Martin Brest,4983,2
Andrew Davis,4984,2
Bob Fosse,4985,0
Tarsem Singh,4986,2
Edgar Wright,4987,2
Jon Amiel,4988,2
Peter Segal,4989,2
Pete Travis,4990,0
George A. Romero,4991,2
Sylvester Stallone,4992,2
Todd Phillips,4993,2
Karey Kirkpatrick,4994,2
Gary Winick,4995,2
Mimi Leder,4996,1
Seth Gordon,4997,2
Adam Shankman,4998,2
D.J. Caruso,4999,2
Anthony Minghella,5000,2
Albert Hughes,5001,2
Les Mayfield,5002,0
Joe Pytka,5003,2
Scott Derrickson,5004,2
Ivan Reitman,5005,2
Eric Brevig,5006,2
Kelly Asbury,5007,2
Stephen Hopkins,5008,2
Jonathan Demme,5009,2
Henry Jaglom,5010,2
James Algar,5011,2
Vincent Ward,5012,0
Steven Brill,5013,2
Terry Gilliam,5014,2
Lucile Hadzihalilovic,5015,0
Roger Christian,5016,2
Joe Dante,5017,2
Kevin Costner,5018,2
Antony Hoffman,5019,2
Jacques Perrin,5020,2
Andrés Couturier,5021,0
Roger Allers,5022,2
Cody Cameron,5023,2
John Singleton,5024,2
Oliver Hirschbiegel,5025,2
Des McAnuff,5026,2
Chris Renaud,5027,0
Stephen Norrington,5028,2
Pierre Coffin,5029,2
David Kellogg,5030,2
Mike Nichols,5031,2
Vicky Jenson,5032,1
F. Gary Gray,5033,2
Antoine Fuqua,5034,2
Robert Luketic,5035,2
Gil Kenan,5036,2
Barry Levinson,5037,2
Jerry Zucker,5038,2
Andy Tennant,5039,2
Florent-Emilio Siri,5040,0
Gary Goldman,5041,2
Ron Shelton,5042,2
Àlex Pastor,5043,2
Henry Selick,5044,2
Kyle Balda,5045,0
Fergal Reilly,5046,0
Judd Apatow,5047,2
Steve Carr,5048,2
Mel Gibson,5049,2
David Silverman,5050,2
Frank Darabont,5051,2
Betty Thomas,5052,1
Garry Marshall,5053,2
Paul Tibbitt,5054,0
Clark Johnson,5055,2
Cameron Crowe,5056,2
Randall Wallace,5057,2
Jonathan Frakes,5058,2
George Clooney,5059,2
Gary Shore,5060,0
Andrzej Bartkowiak,5061,2
Måns Mårlind,5062,2
Gregory Hoblit,5063,2
Gary McKendry,5064,0
Wych Kaosayananda,5065,0
Mikael Salomon,5066,2
Bobby Farrelly,5067,2
Dan St. Pierre,5068,0
Kerry Conran,5069,2
Michael Caton-Jones,5070,2
Mikael Håfström,5071,0
Phil Alden Robinson,5072,2
David Slade,5073,2
Joseph Ruben,5074,2
Seth MacFarlane,5075,2
Alejandro Amenábar,5076,2
Kinka Usher,5077,0
Craig Gillespie,5078,0
Rob Bowman,5079,2
Doug Lefler,5080,0
Scott Waugh,5081,2
Lawrence Kasdan,5082,2
Michael Lembeck,5083,2
Tom Hooper,5084,2
Nora Ephron,5085,0
Angelina Jolie,5086,1
Clint Eastwood,5087,2
Larry Charles,5088,2
Stanley Kubrick,5089,2
Will Gluck,5090,2
Glenn Ficarra,5091,2
David S. Goyer,5092,2
Taylor Hackford,5093,0
Michael Lehmann,5094,2
Stuart Beattie,5095,0
Roman Polanski,5096,2
Robert Rodriguez,5097,0
Baltasar Kormákur,5098,2
Daniel Lee,5099,2
Keenen Ivory Wayans,5100,2
Rob Reiner,5101,2
Marco Schnabel,5102,2
Demian Lichtenstein,5103,2
Josh Gordon,5104,2
Tim Hill,5105,2
David Frankel,5106,2
Marc Lawrence,5107,2
Peter Billingsley,5108,2
Wes Ball,5109,0
Ryan Murphy,5110,2
Robert Redford,5111,2
Jay Russell,5112,2
Kenny Ortega,5113,2
David McNally,5114,2
Brian Robbins,5115,2
Brian Levant,5116,2
Steven Zaillian,5117,2
Sam Fell,5118,2
Jon Avnet,5119,2
Robert Stevenhagen,5120,0
Kevin Donovan,5121,2
Geoff Murphy,5122,2
David O. Russell,5123,2
Babak Najafi,5124,2
Jean-Pierre Jeunet,5125,2
Anthony Stacchi,5126,2
Griffin Dunne,5127,0
John Pasquin,5128,2
Ruben Fleischer,5129,2
Harold Ramis,5130,2
Kevin Macdonald,5131,2
Donald Petrie,5132,2
Jorge Blanco,5133,2
Stuart Baird,5134,2
Joel Coen,5135,0
Robert Lorenz,5136,2
Harold Becker,5137,2
Scott Stewart,5138,0
Tony Bill,5139,2
Rod Lurie,5140,2
Walter Hill,5141,2
Akiva Goldsman,5142,2
Harald Zwart,5143,2
Walter Salles,5144,2
Iain Softley,5145,2
Frank Miller,5146,2
David Koepp,5147,2
Uwe Boll,5148,2
Soi Cheang,5149,2
John Dahl,5150,2
Tim Miller,5151,2
Stephen Herek,5152,2
Peter MacDonald,5153,2
Anthony Hemingway,5154,0
Sean Anders,5155,2
Brian Taylor,5156,2
John Madden,5157,0
Kevin Bray,5158,2
Mike Gabriel,5159,2
Sam Weisman,5160,2
Jesse Dylan,5161,2
Wayne Wang,5162,0
Gabriele Muccino,5163,2
Tom Dey,5164,2
Jimmy Hayward,5165,2
Alan Parker,5166,2
John Frankenheimer,5167,2
Paul King,5168,2
Akiva Schaffer,5169,2
William Friedkin,5170,0
Kent Alterman,5171,2
Peter Lord,5172,2
Shekhar Kapur,5173,2
Karyn Kusama,5174,1
Ronald F. Maxwell,5175,2
Robert Butler,5176,2
Steve Antin,5177,2
Jim Gillespie,5178,2
Francis Ford Coppola,5179,2
Richard Lester,5180,0
Scott Cooper,5181,2
Curtis Hanson,5182,2
Phyllida Lloyd,5183,1
Jay Chandrasekhar,5184,2
Terrence Malick,5185,2
David Dobkin,5186,2
Miloš Forman,5187,2
Pierre Morel,5188,2
Paul Hunter,5189,2
Steve Oedekerk,5190,2
John Whitesell,5191,2
George Nolfi,5192,2
Neil Jordan,5193,0
Rawson Marshall Thurber,5194,0
Spike Lee,5195,2
Brian Helgeland,5196,2
Frank Marshall,5197,2
Hideo Nakata,5198,2
Peter Hewitt,5199,2
Joe Roth,5200,0
Bennett Miller,5201,2
Jaume Collet-Serra,5202,2
Andy Fickman,5203,2
James McTeigue,5204,2
Matthew O'Callaghan,5205,2
Angela Robinson,5206,1
Gary Fleder,5207,2
Tommy Wirkola,5208,2
Adrian Lyne,5209,2
Stephen Gaghan,5210,2
Jorge R. Gutierrez,5211,0
Richard Loncraine,5212,2
Christophe Gans,5213,2
Howard Deutch,5214,2
Jon Hurwitz,5215,2
Steven Quale,5216,2
John Landis,5217,2
Alexander Witt,5218,2
Beeban Kidron,5219,1
Carl Franklin,5220,0
Steven Seagal,5221,2
Danny Boyle,5222,2
Andrew Bergman,5223,0
Barbet Schroeder,5224,2
Peter Webber,5225,2
Andrew Niccol,5226,2
John Carpenter,5227,2
Wes Anderson,5228,2
David Cronenberg,5229,2
John Stockwell,5230,2
David Gordon Green,5231,2
Jim Sheridan,5232,2
Costa-Gavras,5233,0
Patrick Read Johnson,5234,2
Richard LaGravenese,5235,2
Danny DeVito,5236,2
George Armitage,5237,0
Patrick Lussier,5238,0
James Wong,5239,2
Richard Curtis,5240,2
Chuck Bowman,5241,2
Olivier Megaton,5242,2
Deepa Mehta,5243,1
Warren Beatty,5244,2
Penny Marshall,5245,1
Ted Kotcheff,5246,2
Andrei Tarkovsky,5247,2
Yvette Kaplan,5248,0
Stephen Frears,5249,0
P.J. Hogan,5250,2
Brad Furman,5251,2
Terence Young,5252,2
David Zucker,5253,2
Denis Villeneuve,5254,2
Thomas Carter,5255,2
Roger Michell,5256,2
Luis Llosa,5257,2
Melville Shavelson,5258,2
Garth Jennings,5259,2
Joel Zwick,5260,2
Russell Mulcahy,5261,2
David R. Ellis,5262,2
Peter Howitt,5263,2
John A. Davis,5264,2
David Lynch,5265,2
Julie Taymor,5266,1
Mathieu Kassovitz,5267,2
John Gray,5268,2
John Schultz,5269,2
Sean Penn,5270,2
Susan Stroman,5271,1
Simon Wincer,5272,0
Billy Bob Thornton,5273,2
Danny Pang,5274,2
George P. Cosmatos,5275,2
Oliver Parker,5276,2
Lawrence Kasanoff,5277,2
Ben Affleck,5278,2
Brian Gibson,5279,2
Ben Sharpsteen,5280,2
Michael Cimino,5281,2
Paul McGuigan,5282,0
Gus Van Sant,5283,2
Roger Kumble,5284,2
Burr Steers,5285,0
Nick Park,5286,2
John Hamburg,5287,2
Reginald Hudlin,5288,2
Joseph L. Mankiewicz,5289,2
Barbra Streisand,5290,0
Mark Pellington,5291,2
John Glen,5292,2
Catherine Hardwicke,5293,1
John Herzfeld,5294,2
Annabel Jankel,5295,0
Julie Anne Robinson,5296,1
Seth Rogen,5297,2
Sngmoo Lee,5298,2
Jamel Debbouze,5299,2
Gordon Chan,5300,0
Asger Leth,5301,0
John G. Avildsen,5302,2
Anne Fletcher,5303,1
Bruce Beresford,5304,2
Sam Taylor-Johnson,5305,1
Ken Kwapis,5306,0
Wes Craven,5307,2
Etan Cohen,5308,0
Nick Cassavetes,5309,2
Nicholas Stoller,5310,2
Mark A.Z. Dippé,5311,0
Callan Brunker,5312,0
Nimród Antal,5313,2
Alejandro Agresti,5314,2
Peter Hedges,5315,2
Paul Weiland,5316,2
Colin Strause,5317,2
Joan Chen,5318,1
Greg Mottola,5319,2
Jake Kasdan,5320,2
Diane Keaton,5321,1
Kelly Makin,5322,2
Stephen Daldry,5323,2
Christian Duguay,5324,2
Justin Chadwick,5325,2
Pat O'Connor,5326,2
Frederik Du Chau,5327,2
Irwin Winkler,5328,2
Joseph Kahn,5329,2
Sofia Coppola,5330,1
Stephen T. Kay,5331,2
Juan Antonio Bayona,5332,2
Elaine May,5333,1
Dennie Gordon,5334,1
Charles Shyer,5335,2
Ulu Grosbard,5336,2
William Malone,5337,2
Malcolm D. Lee,5338,2
Jerry Jameson,5339,2
Mic Rodgers,5340,2
Christian Alvart,5341,2
Jean-Marie Poiré,5342,2
Marc F. Adler,5343,2
Geoffrey Sax,5344,2
Richard Shepard,5345,2
Peter Chan,5346,2
Sergei Bodrov Jr.,5347,2
Bong Joon-ho,5348,2
Bibo Bergeron,5349,2
Jeff Nathanson,5350,2
S.S. Rajamouli,5351,2
Charles S. Dutton,5352,2
Jonathan Lynn,5353,2
David Carson,5354,2
Wong Kar-wai,5355,2
Yuefeng Song,5356,0
Norman Jewison,5357,2
David Mirkin,5358,2
Luis Mandoki,5359,0
Lee Daniels,5360,2
Jeb Stuart,5361,2
Steve Miner,5362,2
Paul Thomas Anderson,5363,2
David Leland,5364,2
J Blakeson,5365,2
Ryan Coogler,5366,2
Kirk Jones,5367,0
Jennifer Flackett,5368,1
Kevin Smith,5369,2
Christian Ditter,5370,2
Charles Martin Smith,5371,2
Fyodor Bondarchuk,5372,2
Irvin Kershner,5373,2
Steve Pink,5374,2
Scott Hicks,5375,2
Kirk De Micco,5376,2
Chris Rock,5377,2
Wilson Yip,5378,2
Robert Wise,5379,2
Kevin Rodney Sullivan,5380,2
Kevin Munroe,5381,2
Mike Tollin,5382,2
Patrick Tatopoulos,5383,2
Gary David Goldberg,5384,2
Tobe Hooper,5385,2
Alan Poul,5386,2
Luke Greenfield,5387,2
Gil Junger,5388,2
Michael Ritchie,5389,2
Steven E. de Souza,5390,2
Alexandre Aja,5391,2
Michael Rymer,5392,2
Hugh Wilson,5393,2
Mike Hodges,5394,0
Scott Mann,5395,0
Susanna White,5396,0
Chris Carter,5397,2
Tommy O'Haver,5398,2
Peter Landesman,5399,0
Gary Chapman,5400,2
Craig Mazin,5401,2
Allen Hughes,5402,2
Kimble Rendall,5403,0
Peter Yates,5404,2
Lasse Hallström,5405,2
Jean-Marc Vallée,5406,2
Tsui Hark,5407,2
Lexi Alexander,5408,0
Ronny Yu,5409,0
Bille August,5410,2
Moustapha Akkad,5411,2
Jean-Paul Rappeneau,5412,2
Joachim Rønning,5413,0
Tony Kaye,5414,2
Ken Scott,5415,0
Hugh Johnson,5416,2
Hayao Miyazaki,5417,2
"George Tillman, Jr.",5418,2
Rand Ravich,5419,2
Hugh Hudson,5420,2
Ben Stassen,5421,2
Chris Gorak,5422,2
Scott Speer,5423,2
Joe Charbanic,5424,2
Jonathan Hensleigh,5425,2
Danny Cannon,5426,2
Boaz Yakin,5427,2
Richard Marquand,5428,2
Neil Marshall,5429,2
David Wain,5430,2
Jared Hess,5431,2
Rupert Wainwright,5432,2
John Luessenhop,5433,2
Justin Zackham,5434,2
John Gatins,5435,2
Miguel Sapochnik,5436,2
Shim Hyung-Rae,5437,2
Don Scardino,5438,2
Tim Robbins,5439,2
Tom Reeve,5440,2
Nanette Burstein,5441,1
Ariel Vromen,5442,2
Lewis Gilbert,5443,2
John Francis Daley,5444,2
J.B. Rogers,5445,0
Michael Sucsy,5446,2
Tom Vaughan,5447,2
Stephen Hillenburg,5448,2
Stig Bergqvist,5449,0
Jason Reitman,5450,2
Alexander Payne,5451,0
Jonathan Levine,5452,2
Rian Johnson,5453,2
Chris Noonan,5454,2
Michael McCullers,5455,2
Forest Whitaker,5456,2
Woody Allen,5457,2
Peter Lepeniotis,5458,0
Ted Demme,5459,2
William Shatner,5460,2
James Gartner,5461,2
Lee Toland Krieger,5462,2
Tim McCanlies,5463,2
Drew Goddard,5464,2
Jason Friedberg,5465,2
Paul Michael Glaser,5466,2
John R. Leonetti,5467,2
Tom Hanks,5468,2
Kimberly Peirce,5469,0
Liz Friedlander,5470,1
Phil Joanou,5471,2
Shane Acker,5472,2
Martha Coolidge,5473,1
Stephen Anderson,5474,0
Troy Miller,5475,2
Tate Taylor,5476,2
Brett Leonard,5477,0
Alister Grierson,5478,0
Nick Hurran,5479,2
Charles Stone III,5480,2
Paul Haggis,5481,2
Kurt Wimmer,5482,2
Jean-François Richet,5483,0
Kevin Hooks,5484,2
Ellory Elkayem,5485,2
Niki Caro,5486,1
Vincenzo Natali,5487,2
Willard Huyck,5488,2
Gavin O'Connor,5489,2
Bruce Hunt,5490,2
Christopher Roberts,5491,2
Kim Jee-woon,5492,0
Nick Hamm,5493,2
Andy Cadiff,5494,2
Mike Disa,5495,0
Richard J. Lewis,5496,2
Sergio Leone,5497,2
Niels Arden Oplev,5498,2
Michael Radford,5499,2
Steve Boyum,5500,2
Chen Kaige,5501,2
Corey Yuen Kwai,5502,0
Andrew Dominik,5503,2
Jackie Chan,5504,2
Laurent Tirard,5505,0
Reinhard Klooss,5506,2
Frédéric Auburtin,5507,2
Olivier Dahan,5508,2
Maksim Fadeev,5509,0
Liliana Cavani,5510,1
Elizabeth Banks,5511,1
Edward Norton,5512,2
Ben Falcone,5513,2
Richard Attenborough,5514,2
Don Mancini,5515,2
John Maybury,5516,2
Norton Virgien,5517,2
Shinji Aramaki,5518,0
Miguel Arteta,5519,2
James Gray,5520,2
Janusz Kamiński,5521,2
Robert B. Weide,5522,0
Jeff Wadlow,5523,2
Agustín Díaz Yanes,5524,0
Camille Delamarre,5525,0
David Lean,5526,2
Richard Eyre,5527,2
Nicholas Meyer,5528,2
Callie Khouri,5529,1
Sanaa Hamri,5530,1
Todd Graff,5531,2
Philip Kaufman,5532,2
Saul Dibb,5533,2
Walter Murch,5534,2
Richard Linklater,5535,2
E. Elias Merhige,5536,0
Menno Meyjes,5537,2
Jodie Foster,5538,1
Scott Frank,5539,2
Kevin Allen,5540,2
Michael Cristofer,5541,2
Andrew Morahan,5542,2
Bob Rafelson,5543,2
Michael Cohn,5544,2
Alan Shapiro,5545,2
Fernando Meirelles,5546,2
Michael Hoffman,5547,2
Oleg Stepchenko,5548,0
Michael Winterbottom,5549,2
Michael Pressman,5550,2
Sharon Maguire,5551,1
Charles Herman-Wurmfeld,5552,2
Gábor Csupó,5553,2
Tyler Perry,5554,2
Joe Carnahan,5555,2
John Polson,5556,2
Bernardo Bertolucci,5557,2
Cathy Malkasian,5558,1
Chris Nahon,5559,2
Fred Wolf,5560,2
Bille Woodruff,5561,0
Victor Salva,5562,2
Mark Helfrich,5563,2
Steve Bendelack,5564,2
Dwight H. Little,5565,0
Guillaume Canet,5566,2
Kirsten Sheridan,5567,1
Richard Fleischer,5568,0
Bob Spiers,5569,2
Damien Dante Wayans,5570,2
John Wells,5571,2
Tim Fywell,5572,0
Nigel Cole,5573,2
Dexter Fletcher,5574,2
Jeremy Leven,5575,2
Sylvain White,5576,2
Troy Nixey,5577,2
Philip G. Atwell,5578,2
Jeff Schaffer,5579,2
James Bridges,5580,2
Steve Barron,5581,2
Bill Paxton,5582,2
Richard Kelly,5583,2
Carter Smith,5584,0
John Schlesinger,5585,2
Ringo Lam,5586,2
Bruce McCulloch,5587,2
Patricia Riggen,5588,0
Pascal Chaumeil,5589,2
Jonathan Kaplan,5590,2
Ole Bornedal,5591,2
Richard Benjamin,5592,2
Craig R. Baxley,5593,2
John Hillcoat,5594,2
John Guillermin,5595,2
Marcos Siega,5596,2
Rachel Talalay,5597,1
Jeffrey W. Byrd,5598,0
Atom Egoyan,5599,2
Robert Towne,5600,2
Giuseppe Tornatore,5601,0
Werner Herzog,5602,2
Jérôme Deschamps,5603,0
Inna Evlannikova,5604,1
Jonathan English,5605,2
Sergey Bondarchuk,5606,2
Teddy Chan,5607,0
Mario Van Peebles,5608,2
Leonard Nimoy,5609,2
Herbert Ross,5610,0
Bonnie Hunt,5611,1
Neil LaBute,5612,2
Grant Heslov,5613,2
George Gallo,5614,2
Sidney Lumet,5615,0
Douglas McGrath,5616,2
Kevin Spacey,5617,2
Richard Williams,5618,0
Mary McGuckian,5619,1
Tony Goldwyn,5620,2
Jonathan Newman,5621,2
Michael Dinner,5622,2
Joseph Sargent,5623,2
Jerry Zaks,5624,2
Fred Durst,5625,2
Anne Fontaine,5626,1
Jon Cassar,5627,0
Mira Nair,5628,1
Mel Brooks,5629,2
Russell Crowe,5630,2
Jessie Nelson,5631,1
Christopher Spencer,5632,0
Mike Bigelow,5633,2
Daniel Sackheim,5634,2
Deborah Kaplan,5635,1
Uli Edel,5636,0
Fred Dekker,5637,2
Brian Trenchard-Smith,5638,0
Blake Edwards,5639,2
Laurence Dunmore,5640,0
Christian Carion,5641,2
Dax Shepard,5642,2
Rowan Joffe,5643,2
John Curran,5644,2
Juan José Campanella,5645,2
Trey Parker,5646,2
Stuart Gillard,5647,2
Katt Shea,5648,1
Joshua Michael Stern,5649,2
Tomas Alfredson,5650,2
John Duigan,5651,2
Colin Higgins,5652,2
Jim Sonzero,5653,2
Penelope Spheeris,5654,0
Jeff Tremaine,5655,2
Jeannot Szwarc,5656,2
Steve McQueen,5657,2
Thea Sharrock,5658,1
Jon Lucas,5659,2
Robin Budd,5660,0
Ava DuVernay,5661,1
Steve Trenbirth,5662,0
Mennan Yapo,5663,0
Jun Falkenstein,5664,1
Tom McCarthy,5665,0
Takashi Shimizu,5666,2
Gary Nelson,5667,2
Anton Corbijn,5668,2
Gregory Nava,5669,2
John Patrick Shanley,5670,2
Joshua Logan,5671,2
Steve Beck,5672,2
Todd Strauss-Schulson,5673,2
John McNaughton,5674,2
Nelson McCormick,5675,2
Eric Valette,5676,0
Andrew Fleming,5677,2
Michael Spierig,5678,2
Jim Field Smith,5679,2
Thomas Bezucha,5680,2
William Brent Bell,5681,2
Ben Gluck,5682,2
Jessica Bendinger,5683,1
Henry Joost,5684,2
Ed Harris,5685,2
Alfred Hitchcock,5686,2
Shana Feste,5687,0
Steve Rash,5688,2
Mike Binder,5689,2
Michael J. Bassett,5690,2
Frank Nissen,5691,2
Stephen Chow,5692,2
Peter Hastings,5693,2
Paul Abascal,5694,2
Chris Koch,5695,2
Amy Heckerling,5696,1
Michael Moore,5697,2
George Stevens,5698,2
Billy Ray,5699,2
Mark Mylod,5700,2
Stephen St. Leger,5701,0
Michael O. Sajbel,5702,2
Charles T. Kanganis,5703,2
Damon Santostefano,5704,2
Bob Clark,5705,2
Frank Passingham,5706,2
Benson Lee,5707,0
Glen Morgan,5708,2
Mike Leigh,5709,2
Alejandro Monteverde,5710,0
Jonathan Glazer,5711,2
J.C. Chandor,5712,0
Paul Gross,5713,2
Marc Abraham,5714,2
Todd Haynes,5715,2
Mabrouk El Mechri,5716,2
Charlie Kaufman,5717,2
Nancy Walker,5718,1
Angelo Pizzo,5719,0
Matthew Diamond,5720,2
Katsuhiro Ōtomo,5721,2
David Anspaugh,5722,2
Andrew Jarecki,5723,2
Daniel Algrant,5724,2
Mike Barker,5725,2
Wayne Thornley,5726,0
Gnana Rajasekaran,5727,0
Tom Walsh,5728,0
Jonathan Jakubowicz,5729,0
Scott Walker,5730,0
Mark Rosman,5731,2
Rob Hawk,5732,0
Britt Allcroft,5733,0
Alan Yuen,5734,0
Brian Percival,5735,2
Anand Tucker,5736,2
Anthony Mann,5737,2
Michael Dowse,5738,2
Daniel Barnz,5739,2
Emile Ardolino,5740,2
Robert Altman,5741,2
James Schamus,5742,0
Andrew Douglas,5743,2
Ricky Gervais,5744,2
Vic Armstrong,5745,2
Terry Zwigoff,5746,0
Audrey Wells,5747,1
Rick Friedberg,5748,2
Sean McNamara,5749,2
Jody Hill,5750,2
Brandon Camp,5751,2
Kevin Tancharoen,5752,2
Nicholas Hytner,5753,2
Bart Freundlich,5754,2
William A. Fraker,5755,2
John Boorman,5756,2
Courtney Solomon,5757,2
Jeff Kanew,5758,2
István Szabó,5759,0
Matthew Robbins,5760,2
Hal Needham,5761,2
Jeff Nichols,5762,2
Jonathan Teplitzky,5763,0
Michael Haneke,5764,2
Zack Ward,5765,2
Mike Marvin,5766,2
Gregor Jordan,5767,2
Olivier Assayas,5768,2
Tran Anh Hung,5769,2
Lance Hool,5770,2
Christian Volckman,5771,2
Rodrigo Cortés,5772,0
David Hayter,5773,2
Cory Edwards,5774,2
Terry George,5775,2
Xavier Gens,5776,2
Kasi Lemmons,5777,1
Brian A Miller,5778,0
Matt Dillon,5779,2
George Cukor,5780,0
John Robert Hoffman,5781,0
Kevin Greutert,5782,2
John Fortenberry,5783,2
Erik White,5784,2
Christian Robinson,5785,0
Jason Moore,5786,2
Robert Harmon,5787,2
Trent Cooper,5788,2
Gary Halvorson,5789,2
Nicholas Ray,5790,0
Fede Alvarez,5791,2
Sidney J. Furie,5792,2
Ian Iqbal Rashid,5793,0
Wayne Kramer,5794,2
Rowdy Herrington,5795,2
Jim Goddard,5796,2
Noel Marshall,5797,2
Andrea Di Stefano,5798,1
Guillaume Ivernel,5799,2
Jack Smight,5800,2
Todd Lincoln ,5801,0
Howard Zieff,5802,2
Steven Shainberg,5803,2
Julian Jarrold,5804,2
Joe Nussbaum,5805,2
Vadim Perelman,5806,0
Michel Hazanavicius,5807,2
Cyrus Nowrasteh,5808,2
Perry Andelin Blake,5809,2
Christian E. Christiansen,5810,2
Sheldon Lettich,5811,2
Diane English,5812,1
Peter Flinth,5813,0
Robert Iscove,5814,2
Peter Kosminsky,5815,2
Nick Gomez,5816,2
Allen Coulter,5817,2
Clare Kilner,5818,1
Josef Rusnak,5819,2
Lance Rivera,5820,2
Ronald Neame,5821,2
Bruce Paltrow,5822,2
Adam Rifkin,5823,2
Susanne Bier,5824,1
Kenneth Johnson,5825,2
James Ivory,5826,2
Jessy Terrero,5827,0
Dany Boon,5828,2
Vicente Amorim,5829,0
Gaspar Noé,5830,2
Jérôme Salle,5831,2
Tommy Lee Jones,5832,2
Jesse Vaughan,5833,0
William Bindley,5834,0
Wayne Beach,5835,2
Gérard Krawczyk,5836,2
Udayan Prasad,5837,2
Yoon Je-kyoon,5838,2
Morten Tyldum,5839,2
Andy Muschietti,5840,2
Gillian Armstrong,5841,1
James Watkins,5842,0
Jim Fall,5843,2
Ric Roman Waugh,5844,2
Michael Dougherty,5845,2
Joel Gallen,5846,2
James Marsh,5847,2
Matt Williams,5848,2
Rob Zombie,5849,2
Dennis Iliadis,5850,2
Rick Rosenthal,5851,0
Denzel Washington,5852,2
Nicolas Winding Refn,5853,2
Sara Sugarman,5854,1
Juan Carlos Fresnadillo,5855,2
Gina Prince-Bythewood,5856,1
Phil Traill,5857,2
Joe Berlinger,5858,2
Elizabeth Allen Rosenbaum,5859,1
Michael Mayer,5860,2
Martin Weisz,5861,0
John Ottman,5862,2
John Bonito,5863,2
Peter Atencio,5864,2
David Nutter,5865,0
Derek Cianfrance,5866,2
Stephan Elliott,5867,2
Mark L. Lester,5868,2
Tom Green,5869,2
Mike Nawrocki,5870,2
Douglas Aarniokoski,5871,2
Bryan Barber,5872,2
Lone Scherfig,5873,1
Drew Barrymore,5874,1
Brian Koppelman,5875,2
James Foley,5876,2
Albert Brooks,5877,2
Steve Gomer,5878,2
RZA,5879,2
Mark Piznarski,5880,2
Craig Brewer,5881,2
David Raynr,5882,0
Mort Nathan,5883,2
Dan Curtis,5884,2
Wil Shriner,5885,2
Martin McDonagh,5886,2
Tina Gordon Chism,5887,0
Peter Cattaneo,5888,2
Mary Lambert,5889,1
Peter Kassovitz,5890,2
Rodman Flender,5891,2
Katja von Garnier,5892,1
Mark Romanek,5893,2
Brad Anderson,5894,2
Michael Chapman,5895,2
Antonio Banderas,5896,2
Khalil Sullins,5897,0
Fritz Lang,5898,2
Hou Hsiao-hsien,5899,2
Andrey Zvyagintsev,5900,0
Tony Jaa,5901,2
Ryûhei Kitamura,5902,2
Darrell James Roodt,5903,0
Dito Montiel,5904,2
Stefan Ruzowitzky,5905,2
Jake Paltrow,5906,2
Juraj Jakubisko,5907,0
Anthony Silverston,5908,0
Gabe Ibáñez,5909,0
Gerry Lively,5910,2
Daniele Luchetti,5911,0
Derek Yee Tung-Sing,5912,0
Julien Temple,5913,2
Gregory Jacobs,5914,2
Gilles Paquet-Brenner,5915,2
Peter Cousens,5916,2
Lars von Trier,5917,2
John Cornell,5918,2
Vidhu Vinod Chopra,5919,2
Jamie Blanks,5920,2
Randal Kleiser,5921,2
Phil Vischer,5922,2
Rick Famuyiwa,5923,0
Alan Cohn,5924,2
Franco Zeffirelli,5925,2
Tom Holland,5926,2
James Isaac,5927,2
Emilio Estevez,5928,2
Josh Schwartz,5929,2
Julian Schnabel,5930,2
Todd Field,5931,2
Davis Guggenheim,5932,2
Stephen Carpenter,5933,2
James Fargo,5934,2
Alain Resnais,5935,2
Kenneth Lonergan,5936,2
Bo Zenga,5937,2
Danny Leiner,5938,2
Christopher Cain,5939,2
Theodore Melfi,5940,0
Ed Decter,5941,2
Gene Quintano,5942,2
Eric Bress,5943,2
Preston A. Whitmore II,5944,2
Kirk Wong,5945,2
Bronwen Hughes,5946,1
John Lafia,5947,2
Sam Miller,5948,2
Alex Garland,5949,2
Mark Brown,5950,2
Michael Polish,5951,2
Daisy von Scherler Mayer,5952,1
Lenny Abrahamson,5953,2
Bob Saget,5954,2
John Waters,5955,2
Craig Bolotin,5956,2
Mark Christopher,5957,2
Blair Hayes,5958,0
Jez Butterworth,5959,2
Isabel Coixet,5960,1
Patrice Leconte,5961,2
Paul Mazursky,5962,2
Stephen Chbosky,5963,2
Jon Hess,5964,0
Mark Neveldine,5965,2
Joe Cornish,5966,2
John H. Lee,5967,2
John Stainton,5968,2
Benedek Fliegauf,5969,2
Paul Schrader,5970,0
Stewart Hendler,5971,2
John Cromwell,5972,2
Mark Herman,5973,0
Abel Ferrara,5974,2
George Hickenlooper,5975,2
Don Bluth,5976,2
Kang Je-gyu,5977,0
William Dear,5978,2
Stéphane Aubier,5979,0
John Badham,5980,2
Mike McCoy,5981,2
Mike Judge,5982,2
Tamra Davis,5983,1
Nima Nourizadeh,5984,0
Franklin J. Schaffner,5985,2
John Erick Dowdle,5986,0
David Moreau,5987,2
Christopher Erskin,5988,2
Brian Henson,5989,2
Dan Cutforth,5990,2
Josh Boone,5991,0
Jake Schreier,5992,0
Cheryl Dunye,5993,0
Ernest R. Dickerson,5994,2
Lionel C. Martin,5995,0
Wallace Wolodarsky,5996,2
Nicholas Jarecki,5997,2
Dean Israelite,5998,0
Darnell Martin,5999,1
Scott Alexander,6000,2
Stuart Gordon,6001,2
Christopher Guest,6002,2
Jane Campion,6003,1
Fred Schepisi,6004,2
Antonia Bird,6005,1
Jon Poll,6006,2
Paolo Sorrentino,6007,2
Peter Care,6008,2
Park Chan-wook,6009,2
Ira Sachs,6010,2
Carroll Ballard,6011,2
Takeshi Kitano,6012,2
Marco Kreuzpaintner,6013,2
Lajos Koltai,6014,2
Alan Rudolph,6015,2
Lu Chuan,6016,2
Lijun Sun,6017,0
Takashi Yamazaki,6018,0
Christopher Smith,6019,2
Timothy Hines,6020,2
David Winters,6021,2
Akira Kurosawa,6022,2
Jamie Thraves,6023,0
Mabel Cheung,6024,0
Dan Mazer,6025,2
R.J. Cutler,6026,0
David S. Ward,6027,2
Barnaby Thompson,6028,2
Rob Pritts,6029,0
John Crowley,6030,2
Brendan Malloy,6031,2
Dustin Hoffman,6032,2
Gregory Poirier,6033,2
Simon Curtis,6034,2
Dewey Nicks,6035,0
Philip Saville,6036,2
Tim Blake Nelson,6037,2
William A. Graham,6038,2
Martin Ritt,6039,2
John Turturro,6040,2
Agnieszka Holland,6041,1
David Hackl,6042,2
Giuliano Montaldo,6043,2
Lisa Azuelos,6044,1
Ray Lawrence,6045,2
Karan Johar,6046,2
Ruairi Robinson,6047,0
Jaume Balagueró,6048,2
Jon Kasdan,6049,2
Léa Pool,6050,1
Floyd Mutrux,6051,2
Sajid Khan,6052,2
Dean Wright,6053,2
Eric Lartigau,6054,0
Shintaro Shimosawa,6055,2
Darren Lynn Bousman,6056,2
James DeMonaco,6057,2
Bernhard Wicki,6058,0
Carol Reed,6059,2
Chuck Sheetz,6060,2
Marcus Raboy,6061,0
Leigh Whannell,6062,2
Michael Schultz,6063,2
Peter Sollett,6064,2
Bob Dolman,6065,2
Greg Coolidge,6066,2
David Lowery,6067,2
Ciaran Foy,6068,0
Salim Akil,6069,2
Olatunde Osunsanmi,6070,0
Leon Ichaso,6071,2
Joseph Zito,6072,0
Patricia Rozema,6073,1
Rob Schmidt,6074,0
Ben Garant,6075,2
Morgan Spurlock,6076,2
Neal Brennan,6077,2
Tuck Tucker,6078,0
Theodore Witcher,6079,2
Joel Edgerton,6080,2
Jim Hanon,6081,0
Michael Patrick Jann,6082,2
Jorma Taccone,6083,2
Jeff Lowell,6084,2
Lorene Scafaria,6085,1
Marcus Dunstan,6086,2
Timothy Bjorklund,6087,0
François Girard,6088,2
Scott Kalvert,6089,2
Jason Bateman,6090,2
David Schwimmer,6091,2
Allan Arkush,6092,2
Eric Bross,6093,2
Dan Fogelman,6094,2
Jay Duplass,6095,0
Luca Guadagnino,6096,2
John Putch,6097,2
Peter Medak,6098,2
Terence Davies,6099,2
Harley Cokeliss,6100,2
Tom Brady,6101,2
Jason Zada,6102,0
Noah Baumbach,6103,2
Eric Blakeney,6104,2
Rakesh Roshan,6105,2
Derrick Borte,6106,2
Richard Kwietniowski,6107,2
Bob Odenkirk,6108,2
Joshua Seftel,6109,2
Vincent Gallo,6110,2
Claude Chabrol,6111,0
Jon Stewart,6112,2
Bigas Luna,6113,2
Ralph Fiennes,6114,2
Dan Harris,6115,2
Mel Smith,6116,2
Bobcat Goldthwait,6117,2
Jake Scott,6118,2
Alan Metter,6119,2
Rafa Lara,6120,0
Alan Smithee,6121,0
Michael Meredith,6122,2
Julio DePietro,6123,2
Katherine Dieckmann,6124,1
Kim Farrant,6125,0
Scott Marshall Smith,6126,2
Álex de la Iglesia,6127,0
Andrew Traucki,6128,2
Michael Clancy,6129,2
Robert Adetuyi,6130,2
Kari Skogland,6131,1
Taedong Park,6132,0
Benedikt Erlingsson,6133,2
Gurinder Chadha,6134,1
Jason Connery,6135,2
Vic Sarin,6136,2
Jim Issa,6137,0
William Phillips,6138,2
Andy García,6139,2
Sarik Andreasyan,6140,0
Julian Gilbey,6141,2
Gary Sherman,6142,0
Valeri Milev,6143,0
Stanley Kramer,6144,2
Pedro Almodóvar,6145,2
Gerald Potterton,6146,2
Anurag Basu,6147,2
Kriv Stenders,6148,0
Yash Chopra,6149,2
Floria Sigismondi,6150,0
Ferzan Ozpetek,6151,2
Kris Isacsson,6152,2
Ben Younger,6153,2
Daniel Taplitz,6154,2
Tamara Jenkins,6155,0
Linda Mendoza,6156,0
Hart Bochner,6157,2
Stewart Raffill,6158,2
Na Hong-jin,6159,2
Chatrichalerm Yukol,6160,2
Eric Lavaine,6161,0
Marc Forby,6162,2
Ole Christian Madsen,6163,2
Meiert Avis,6164,0
André Téchiné,6165,2
Emily Young,6166,1
Peter Faiman,6167,2
Martyn Pick,6168,0
Roland Suso Richter,6169,2
Jeremy Sims,6170,0
Maïwenn,6171,1
Joby Harold,6172,0
Ekachai Uekrongtham,6173,0
Mark Rydell,6174,2
David E. Talbert,6175,2
Roger Vadim,6176,2
Nils Gaup,6177,2
Ari Sandel,6178,0
Vondie Curtis-Hall,6179,2
Tom Elkins,6180,2
Kang Woo-Suk,6181,0
John Sayles,6182,2
Vipul Amrutlal Shah,6183,2
Ken Loach,6184,2
Ayan Mukherjee,6185,0
Mervyn LeRoy,6186,2
Serdar Akar,6187,0
James Frawley,6188,2
Dan Gilroy,6189,2
Jonathan Dayton,6190,2
Chris Stokes,6191,0
Don Siegel,6192,2
Martin Lawrence,6193,2
Masayuki Ochiai,6194,0
Tom Gormican,6195,0
Ken Shapiro,6196,2
Justin Tipping,6197,0
Peter R. Hunt,6198,0
Doug Atchison,6199,2
Jonas Elmer,6200,0
Mary Harron,6201,1
Erik Canuel,6202,0
Troy Duffy,6203,2
Nicole Holofcener,6204,1
Matty Rich,6205,2
Fina Torres,6206,1
François Ozon,6207,2
Ryan Fleck,6208,2
Steve James,6209,2
Michael Winner,6210,2
Tomm Moore,6211,2
John Carney,6212,2
David Jacobson,6213,2
Michael Corrente,6214,2
Edward Hall,6215,0
Keith Gordon,6216,0
Andrew Currie,6217,2
Luke Wilson,6218,2
Marc Schölermann,6219,0
Coky Giedroyc,6220,1
Robert Moresco,6221,0
Thomas Vinterberg,6222,2
Claudia Llosa,6223,1
Charles Binamé,6224,2
Keith Parmer,6225,0
Ol Parker,6226,0
James Nunn,6227,0
David Webb Peoples,6228,2
Michael Winnick,6229,0
Stanley Tong,6230,2
David Oelhoffen,6231,0
Eli Roth,6232,2
Tony Richardson,6233,2
Charles Robert Carner,6234,2
Russell Holt,6235,0
Claude Miller,6236,2
Sacha Bennett,6237,0
Rodrigo García,6238,2
Jeta Amata,6239,0
Siddharth Anand,6240,2
Vincent Paronnaud,6241,2
Dennis Gansel,6242,2
Daniel Barber,6243,2
Robert Marcarelli,6244,2
Ernie Barbarash,6245,0
Guy Hamilton,6246,2
Adam Brooks,6247,2
Michael Anderson,6248,2
James D. Stern,6249,2
Matt Bettinelli-Olpin,6250,2
Sharron Miller,6251,1
Aaron Schneider,6252,2
Tom Ford,6253,2
Tony Maylam,6254,0
Mitch Davis,6255,2
Kevin Brodie,6256,2
Lynne Ramsay,6257,1
John Stephenson,6258,0
Tim Chambers,6259,2
Dick Richards,6260,0
Bob Gosse,6261,2
Alex Zamm,6262,2
Spencer Susser,6263,2
Thaddeus O'Sullivan,6264,0
Shari Springer Berman,6265,1
Aleksey German,6266,0
Stephen Milburn Anderson,6267,0
Richard E. Grant,6268,2
David Lam,6269,0
Vladlen Barbe,6270,0
Richard Rich,6271,2
Robert C. Cooper,6272,2
Kim Nguyen,6273,2
Jackie Earle Haley,6274,2
Max Färberböck,6275,2
Arie Posin,6276,0
Damian Nieman,6277,0
Mark Tonderai,6278,2
Ian Fitzgibbon,6279,2
Rachel Perkins,6280,1
Luis Valdez,6281,2
Alan Alda,6282,2
Louis Morneau,6283,2
Caroline Link,6284,1
Sterling Van Wagenen,6285,0
Zal Batmanglij,6286,2
Hans Petter Moland,6287,0
Oren Moverman,6288,2
Ian Sharp,6289,2
Wolfgang Becker,6290,2
Dan O'Bannon,6291,2
George Roy Hill,6292,2
Robert Stevenson,6293,2
Gary Hardwick,6294,2
King Vidor,6295,2
Fred Savage,6296,2
Sammo Hung,6297,2
Rusty Cundieff,6298,2
Dominique Othenin-Girard,6299,2
Jean-Jacques Mantello,6300,0
Risa Bramon Garcia,6301,1
Brian Klugman,6302,2
Matt Piedmont,6303,0
Raymond De Felitta,6304,2
John Michael McDonagh,6305,2
Deb Hagan,6306,1
Zach Cregger,6307,2
Zach Braff,6308,2
Mark Tarlov,6309,2
John Cameron Mitchell,6310,2
Jon Knautz,6311,0
David Atkins,6312,2
Patrick Stettner,6313,2
Sam Peckinpah,6314,0
Michael Crichton,6315,2
Sylvio Tabet,6316,0
Rick Bieber,6317,2
Joey Lauren Adams,6318,1
Fred Zinnemann,6319,0
S.R. Bindler,6320,0
Greg Marcks,6321,2
Perry Lang,6322,2
Jake Goldberger,6323,2
William Kaufman,6324,2
Jim O'Hanlon,6325,0
Cédric Klapisch,6326,2
Kate Barker-Froyland,6327,0
Martin Koolhoven,6328,0
Charles Matthau,6329,0
Christopher Bessette,6330,0
Prachya Pinkaew,6331,2
Gary Sinyor,6332,2
Ashish R. Mohan,6333,0
Darren Grant,6334,0
Joseph Gordon-Levitt,6335,2
William Sachs,6336,2
Christophe Barratier,6337,2
Émile Gaudreault,6338,2
James Cox,6339,2
James Toback,6340,2
Aki Kaurismäki,6341,0
Hitoshi Matsumoto,6342,0
Rakeysh Omprakash Mehra,6343,0
Collin Schiffli,6344,0
George Ratliff,6345,2
Shane Meadows,6346,2
Jon Wright,6347,2
Michael McGowan,6348,2
Liv Ullmann,6349,1
Rohan Sippy,6350,0
Dan Trachtenberg,6351,2
David F. Sandberg,6352,2
Stiles White,6353,0
Eugenio Derbez,6354,0
Henry Koster,6355,2
Patty Jenkins,6356,1
Christopher B. Landon,6357,2
David Gelb,6358,2
Mike Flanagan,6359,2
Nat Faxon,6360,2
Doug McHenry,6361,2
George T. Miller,6362,0
Maurice Joyce,6363,2
Robert Duvall,6364,2
Frank Perry,6365,2
Jesse Peretz,6366,0
Ice Cube,6367,2
Richard Glatzer,6368,0
Michael Curtiz,6369,0
Bruce Malmuth,6370,2
Rob Hedden,6371,2
Harmony Korine,6372,0
Joe Chappelle,6373,2
Mickey Liddell,6374,2
Fred Walton,6375,2
Steve Carver,6376,2
Gonzalo López-Gallego,6377,2
Christine Jeffs,6378,1
Don Coscarelli,6379,2
Michael Tiddes,6380,0
Bill Duke,6381,2
Frank Borzage,6382,2
Mamoru Hosoda,6383,2
Brian Dannelly,6384,2
Denys Arcand,6385,2
J.S. Cardone,6386,2
Jay Levey,6387,2
Nicholaus Goossen,6388,2
Scott Marshall,6389,0
Ronan Chapalain,6390,0
Xavier Beauvois,6391,2
Randall Miller,6392,2
Jerry Belson,6393,2
Dan Rush,6394,2
Michael Cuesta,6395,2
Fenton Bailey,6396,2
Jeremy Saulnier,6397,0
Billy Kent,6398,0
James Manera,6399,0
Feroz Abbas Khan,6400,0
Errol Morris,6401,2
Dennis Hopper,6402,2
Eli Craig,6403,2
Nicholas Fackler,6404,2
Richard Wallace,6405,2
Morgan J. Freeman,6406,2
Matthew Hastings,6407,2
Klaus Menzel,6408,0
Oren Peli,6409,2
Paul Andrew Williams,6410,2
William H. Macy,6411,2
Barrett Esposito,6412,0
Vicky Jewson,6413,0
Marcia Bennett,6414,1
Stanton Barrett,6415,2
Jiří Menzel,6416,2
Fatih Akin,6417,2
Nick Murphy ,6418,2
Frank LaLoggia,6419,2
Jeremy Brock,6420,2
Scott Foley,6421,2
Christophe Ali,6422,0
Gabriela Tagliavini,6423,1
Shona Auerbach,6424,0
Leonard Farlinger,6425,2
Michel Leclerc,6426,0
Analeine Cal y Mayor,6427,0
Tom Kalin,6428,2
Robert Sarkies,6429,2
John Huston,6430,2
Walter Lang,6431,2
Carlos Saura,6432,2
Jon Erwin,6433,0
Beto Gómez,6434,0
Mike van Diem,6435,0
Jonas Åkerlund,6436,0
Todd Solondz,6437,2
René Féret,6438,0
Barry Skolnick,6439,0
Johnnie To,6440,0
Mateo Gil,6441,2
Lukas Moodysson,6442,2
Agnieszka Wojtowicz-Vosloo,6443,1
Kabir Sadanand,6444,0
Peter DeLuise,6445,2
Raja Menon,6446,0
Kevin Sullivan,6447,2
Nick Love,6448,2
Ivan Engler,6449,0
Cecil B. DeMille,6450,2
Henry Hobson,6451,0
Mike Figgis,6452,2
Duane Journey,6453,0
Billy Wilder,6454,0
Lisa Cholodenko,6455,1
John Sturges,6456,2
William Arntz,6457,2
Ed Gass-Donnelly,6458,2
DJ Pooh,6459,2
James Melkonian,6460,0
Roger Avary,6461,2
Allison Anders,6462,1
Rick de Oliveira,6463,0
Jeff Franklin,6464,2
Mike Mills,6465,2
Dave McKean,6466,2
Ron Fricke,6467,2
Ruggero Deodato,6468,2
Gavin Wiesen,6469,2
Mora Stephens,6470,0
Mars Callahan,6471,0
Leos Carax,6472,0
Stefan Schwartz,6473,2
Robert Lee King,6474,2
Jorge Ramírez Suárez,6475,2
Dan Ireland,6476,2
Fernando León de Aranoa,6477,2
Jim Mickle,6478,2
Karim Aïnouz,6479,2
Sam Levinson,6480,0
Aleksandr Veledinskiy,6481,0
Peter H. Hunt,6482,2
Ruba Nadda,6483,1
James Whale,6484,2
Edward Burns,6485,2
Sean Byrne,6486,2
Mark Griffiths,6487,2
Bruce MacDonald,6488,0
Victor Fleming,6489,0
Richard Raymond,6490,0
George Sidney,6491,2
Chris Morris,6492,2
Andrucha Waddington,6493,0
Peter Stebbings,6494,2
Vincente Minnelli,6495,2
Dagur Kári,6496,2
Kevin Carraway,6497,0
Michael Gornick,6498,2
Richard Brooks,6499,2
Robert Eggers,6500,2
Michael Martin,6501,2
Gideon Raff,6502,0
Louis C.K.,6503,2
Anthony C. Ferrante,6504,2
Salvador Carrasco,6505,2
André Øvredal,6506,0
Robert Cary,6507,2
Adam Rapp,6508,0
Warren P. Sonoda,6509,2
Amanda Gusack,6510,1
Avi Nesher,6511,2
Charles Adelman,6512,0
Jay Oliva,6513,2
Charles Ferguson,6514,2
Mark Young,6515,2
"Daniel Petrie, Jr.",6516,2
Antonio Simoncini,6517,0
Luc Jacquet,6518,0
Eldar Rapaport,6519,0
Clark Gregg,6520,2
Damien Chazelle,6521,2
Justin Kerrigan,6522,0
Nathan Frankowski,6523,0
Karen Moncrieff,6524,1
Jonathan Silverman,6525,2
Eric Styles,6526,2
Laurent Cantet,6527,2
John Ford,6528,0
Max Mayer,6529,2
Joshua Marston,6530,0
John Gulager,6531,2
Brandon Cronenberg,6532,2
Frank Capra,6533,0
Tod Williams,6534,2
Jack Sholder,6535,2
Ted Post,6536,2
Michael Haigney,6537,2
Tom McLoughlin,6538,2
Adam Marcus,6539,2
John Maclean,6540,2
Benny Boom,6541,2
Howard Hawks,6542,0
Nnegest Likké,6543,1
Christopher Leitch,6544,2
Patricia Cardoso,6545,0
Damien O'Donnell,6546,0
Peter M. Cohen,6547,2
Mel Stuart,6548,2
Anthony Hickox,6549,2
Tom Schulman,6550,2
Jill Sprecher,6551,1
Darren Stein,6552,2
David Nixon,6553,2
Jason Eisener,6554,0
Enrique Begné,6555,0
Matthew Bright,6556,2
Michael Landon Jr.,6557,2
Andrea Arnold,6558,1
Whit Stillman,6559,2
Leslye Headland,6560,0
Bobby Roth,6561,2
Tim Heidecker,6562,2
Michael Worth,6563,2
Deon Taylor,6564,2
Jason Alexander,6565,2
Conor McPherson,6566,0
Will Canon,6567,2
Philip Zlotorynski,6568,0
Lance Kawas,6569,2
Francesca Gregorini,6570,1
Márcio Garcia,6571,2
Craig Moss,6572,0
Michael Jai White,6573,2
Paolo Monico,6574,2
Youssef Delara,6575,0
Darin Scott,6576,2
Christian Sesma,6577,2
Monte Hellman,6578,2
Brian Caunter,6579,2
Chris D'Arienzo,6580,2
Isaac Florentine,6581,0
Heidi Ewing,6582,0
Leon Ford,6583,2
Hank Braxtan,6584,0
John Carl Buechler,6585,2
Rajkumar Hirani,6586,0
Victor Nunez,6587,2
Rohit Jugraj,6588,0
Kresten Vestbjerg Andersen,6589,0
Alex van Warmerdam,6590,2
Paweł Pawlikowski,6591,0
Frank Sebastiano,6592,2
Stacy Peralta,6593,2
Nacho Vigalondo,6594,2
Ning Hao,6595,0
Tony Giglio,6596,2
Stanley Donen,6597,2
Joe Cross,6598,0
John Sullivan,6599,2
Tommy Lee Wallace,6600,2
Don Taylor,6601,2
Leslie Small,6602,2
Éric Tessier,6603,2
Alison Maclean,6604,1
Alice Wu,6605,1
Sarah Gavron,6606,0
James Ponsoldt,6607,0
Joshua Tickell,6608,2
Tim Boxell,6609,2
Michael D. Sellers,6610,2
Reed Cowan,6611,2
James Dodson,6612,2
Alex Rivera,6613,2
John Murlowski,6614,2
Benni Diez,6615,0
Danny Perez,6616,0
Robby Henson,6617,2
Zackary Adler,6618,0
Dominic Burns,6619,0
Carmen Marron,6620,0
Jason Stone,6621,0
Jerry Rees,6622,0
David Hand,6623,2
Jaco Booyens,6624,0
Danny Steinmann,6625,2
Jon Gunn,6626,2
Hayley Cloake,6627,1
Tay Garnett,6628,2
Shyam Madiraju,6629,0
Harmage Singh Kalirai,6630,0
Rita Merson,6631,0
William Wyler,6632,2
Larry Clark,6633,2
Petter Næss,6634,0
Robert Fontaine,6635,0
Neil Mcenery-West,6636,0
Anthony O'Brien,6637,0
Lloyd Kaufman,6638,2
David Robert Mitchell,6639,2
Robert Mulligan,6640,2
Liu Chia-Liang,6641,2
Chris Kentis,6642,2
Alex Kendrick,6643,2
Robert Rossen,6644,2
Jack Conway,6645,2
Sylvain Chomet,6646,0
Chris Eyre,6647,0
Elia Kazan,6648,2
Debra Granik,6649,1
Henry King,6650,2
Miranda July,6651,1
Max Joseph,6652,2
Jim Jarmusch,6653,0
Kevin Tenney,6654,0
Ari Folman,6655,2
Marielle Heller,6656,1
David Sington,6657,2
Kelly Reichardt,6658,1
Bob Giraldi,6659,2
Huck Botko,6660,2
David Duchovny,6661,2
Mitchell Lichtenstein,6662,2
Lance Mungia,6663,0
Hue Rhodes,6664,2
Danny Provenzano,6665,0
Bill Muir,6666,0
Noah Buschel,6667,0
Brian Yuzna,6668,2
Hunter Richards,6669,2
Laurie Collyer,6670,0
Aaron Hann,6671,0
Phil Claydon,6672,2
Ralph Ziman,6673,0
John Simpson,6674,2
Colin Minihan,6675,0
Conor McMahon,6676,0
Chris Shadley,6677,0
Simon Napier-Bell,6678,0
Simon Yin,6679,0
Jeff Crook,6680,2
Orson Welles,6681,2
Dave Payne,6682,2
Brad Copeland,6683,2
Paul Bunnell,6684,0
Phil Morrison,6685,2
Harald Reinl,6686,2
Tanner Beard,6687,2
Scott Dow,6688,0
Derick Martini,6689,2
Jerry Dugan,6690,0
Tim Hunter,6691,2
Richard Ayoade,6692,2
Jehane Noujaim,6693,1
Jean-Marc Barr,6694,2
Remo D'Souza,6695,0
John Laing,6696,2
Jamal Hill,6697,0
Daniel Stamm,6698,0
Carlos Carrera,6699,0
Benh Zeitlin,6700,0
J. Lee Thompson,6701,0
Maggie Greenwald,6702,0
Vera Farmiga,6703,1
Vijay Chandar,6704,0
Jonathan Wacks,6705,2
Khyentse Norbu,6706,0
Tony Krantz,6707,2
Mitchell Altieri,6708,2
W.D. Hogan,6709,0
Corey Grant,6710,2
Lucky McKee,6711,2
Richard Boddington,6712,0
Steven R. Monroe,6713,2
Mark Illsley,6714,2
Ritesh Batra,6715,0
Sally Potter,6716,1
Brad J. Silverman,6717,0
Dave Meyers,6718,0
David M. Matthews,6719,2
Nadine Labaki,6720,1
Lluís Quílez,6721,0
Eytan Fox,6722,2
Romesh Sharma,6723,0
François Truffaut,6724,0
Adam Goldberg,6725,2
Travis Zariwny,6726,0
Adrienne Shelly,6727,1
Newt Arnold,6728,2
Alex Cox,6729,0
Fabián Bielinsky,6730,2
Dror Moreh,6731,0
Rebecca Miller,6732,1
Maggie Carey,6733,0
Henry Bean,6734,2
Simeon Rice,6735,0
Jeff Garlin,6736,2
Qasim Basir,6737,0
Adam Green,6738,2
Charlie Chaplin,6739,2
Pete Jones,6740,0
Bruce Campbell,6741,2
Adam Carolla,6742,0
Bruce McDonald,6743,2
James Mottern,6744,0
Gerard Johnstone,6745,0
Robert Greenwald,6746,2
David Ray,6747,0
David Rodriguez,6748,2
Nae Caranfil,6749,0
David Winning,6750,2
Frank Lotito,6751,0
Timothy Woodward Jr.,6752,0
Tara Subkoff,6753,1
Russell Friedenberg,6754,2
Lucrecia Martel,6755,0
Edward Dmytryk,6756,0
Zak Penn,6757,2
Alex Ranarivelo,6758,0
Mathieu Amalric,6759,2
David Worth,6760,2
Leslie H. Martinson,6761,2
Robert M. Young,6762,2
Steve Buscemi,6763,2
Ham Tran,6764,2
Rich Cowan,6765,0
Boris Rodriguez,6766,0
Sadyk Sher-Niyaz,6767,0
Paul Donovan,6768,0
Jonathan Kesselman,6769,0
Arjun Sablok,6770,0
Tyler Oliver,6771,0
Douglas Cheek,6772,0
Michael D. Olmos,6773,2
Deryck Broom,6774,0
Henry Hathaway,6775,0
Giovanni Zelko,6776,2
Claudia Sainte-Luce,6777,0
Jamie Babbit,6778,1
David Boyd,6779,2
Anna Muylaert,6780,1
Steve Taylor,6781,2
James David Pasternak,6782,0
Laurent Bouhnik,6783,2
Tom Sanchez,6784,0
David Caffrey,6785,2
Adam Jay Epstein,6786,2
Justin Thomas Ostensen,6787,0
Ossie Davis,6788,2
Jay Alaimo,6789,0
Dylan Bank,6790,0
Rob McKittrick,6791,0
Jeff Burr,6792,2
Guy Maddin,6793,2
Regardt van den Bergh,6794,2
Panos Cosmatos,6795,0
Gareth Evans,6796,0
Matthew R. Anderson,6797,2
Joe Marino,6798,0
Joel Anderson,6799,2
Shimit Amin,6800,0
Douglas Trumbull,6801,2
Mona Lerche,6802,1
Levan Gabriadze,6803,0
Bradley Parker,6804,0
Clive Barker,6805,2
Harold Cronk,6806,2
Takao Okawara,6807,2
Duncan Tucker,6808,0
Russ Meyer,6809,0
Robert D. Webb,6810,2
Allan Dwan,6811,2
Andrew Steggall,6812,0
Ben Lewin,6813,2
Robert Kenner,6814,2
Andrew Erwin,6815,0
Craig Johnson,6816,2
Sean Durkin,6817,2
Gillian Robespierre,6818,1
Courtney Hunt,6819,1
Morgan Neville,6820,2
Chris Paine,6821,0
Greg Berlanti,6822,2
Marc Levin,6823,2
Richard Dutcher,6824,2
Khalid Mohammed,6825,0
Gia Coppola,6826,0
Scandar Copti,6827,0
Goran Dukic,6828,2
Mike Cahill,6829,2
Kyle Rankin,6830,2
Joshua Oppenheimer,6831,2
Alex Gibney,6832,2
Paul Crowder,6833,2
Rohit Jagessar,6834,0
Anthony Powell,6835,0
Kief Davidson,6836,2
Johnny Remo,6837,0
Vivek Agnihotri,6838,0
Ti West,6839,2
Nick Tomnay,6840,2
Nickolas Perry,6841,2
Dan Zukovic,6842,2
Becky Smith,6843,0
Eric Nicholas,6844,0
Benjamin Dickinson,6845,2
Hal Haberman,6846,0
Frank Whaley,6847,2
Amat Escalante,6848,0
Katherine Brooks,6849,1
David Cross,6850,2
Randall Rubin,6851,0
Robert Bennett,6852,0
Mary Pat Kelly,6853,1
Lori Petty,6854,1
Charlie Levi,6855,0
Kevin Hamedani,6856,2
David DeCoteau,6857,2
Mikel Rueda,6858,0
Stefan C. Schaefer,6859,2
Michael Taliferro,6860,2
Katie Aselton,6861,1
Robert Heath,6862,0
D. Stevens,6863,0
Jeffrey St. Jules,6864,0
Robert Hall,6865,0
Kevin King,6866,0
Jonathan Meyers,6867,2
Ralph Nelson,6868,2
Blair Erickson,6869,0
Allison Burnett,6870,1
Richard Schenkman,6871,2
Sanjay Rawal,6872,0
Kat Coiro,6873,0
Cristian Mungiu,6874,2
Joseph Graham,6875,0
Maryam Keshavarz,6876,1
Ramaa Mosley,6877,0
C. Jay Cox,6878,2
Mariette Monpierre,6879,0
Tommy Oliver,6880,2
Jamie Travis,6881,0
Rich Christiano,6882,2
Natalie Bible',6883,0
Asghar Farhadi,6884,2
Justin Molotnikov,6885,0
G.W. Pabst,6886,2
Jorge Gaggero,6887,0
Michael Burke,6888,2
Catherine Jelski,6889,1
Shane Dawson,6890,0
Ryan Little,6891,2
Clark Baker,6892,0
Dave Willis,6893,2
Ben Wheatley,6894,2
Olly Blackburn,6895,0
Christopher Hutson,6896,2
David LaChapelle,6897,2
Caryn Waechter,6898,0
Emily Dell,6899,0
Valerie Red-Horse,6900,0
Christopher Scott Cherot,6901,2
H.M. Coakley,6902,2
Randy Moore,6903,0
Chris Atkins,6904,0
Bill Benenson,6905,2
Ryan Smith,6906,0
Travis Romero,6907,0
Anna Mastro,6908,0
Mark Sandrich,6909,2
Daniel Myrick,6910,2
Michael Wadleigh,6911,2
Gene Teigland,6912,0
Scott Ziehl,6913,2
Richard Montoya,6914,2
Johanna Schwartz,6915,0
Thomas Lilti,6916,0
Michael Walker,6917,2
U. Roberto Romano,6918,0
Amy Holden Jones,6919,1
Blaž Završnik,6920,0
Pan Nalin,6921,0
Joe Camp,6922,2
Matt Walsh,6923,2
John 'Bud' Cardos,6924,0
Marilyn Agrelo,6925,1
Brian Baugh,6926,2
Patrick Creadon,6927,2
Barry W. Blaustein,6928,2
Kurt Hale,6929,2
Siddiq Barmak,6930,0
Joseph Dorman,6931,0
Greg Harrison,6932,2
Jacob Aaron Estes,6933,0
Eric Schaeffer,6934,2
Neema Barnette,6935,1
Joe Swanberg,6936,0
Molly Bernstein,6937,0
Marius Markevicius,6938,2
Tom DiCillo,6939,2
Quentin Dupieux,6940,0
Alex Smith,6941,2
Gareth Edwards,6942,2
Jonathan Parker,6943,2
Sol Tryon,6944,0
Alex Craig Mann,6945,2
Stephen Kijak,6946,2
William Gazecki,6947,0
Michael Hoffman Jr.,6948,2
Georgia Hilton,6949,0
Jack Heller,6950,2
Fernando Baez Mella,6951,0
Warren Sheppard,6952,0
Justin Paul Miller,6953,0
Joel Paul Reisig,6954,0
Catherine Gund,6955,0
Hans Canosa,6956,0
Matthew Watts,6957,0
Lloyd Bacon,6958,2
Kay Pollak,6959,0
Eric England,6960,0
Sue Corcoran,6961,0
Jonathan Caouette,6962,2
Matt Jackson,6963,0
Lucio Fulci,6964,2
Paul Fox,6965,2
Cassandra Nicolaou,6966,0
Ingmar Bergman,6967,2
D.W. Griffith,6968,2
Roger Nygard,6969,0
Harry Beaumont,6970,2
Franck Khalfoun,6971,2
Mor Loushy,6972,0
Henry Alex Rubin,6973,0
Sam Firstenberg,6974,2
Doug Block,6975,2
Chad Kapper,6976,0
Paul Fierlinger,6977,0
Yorgos Lanthimos,6978,2
Lauren Lazin,6979,0
Gregory Widen,6980,2
Niall Johnson,6981,2
Eric Mendelsohn,6982,2
Jean-Luc Godard,6983,2
Kim Longinotto,6984,0
Michael Roemer,6985,2
Eddie O'Flaherty,6986,0
Babar Ahmed,6987,2
John D. Hancock,6988,2
Paul Bartel,6989,2
Jason Marsden,6990,2
Pece Dingo,6991,0
Jerome Elston Scott,6992,0
Étienne Faure,6993,0
Herb Freed,6994,2
Jack Perez,6995,0
Craig Zobel,6996,0
Maria Maggenti,6997,1
Piyush Dinker Pandya,6998,0
Emma-Kate Croghan,6999,0
Bill Plympton,7000,0
Drake Doremus,7001,2
Michael Kang,7002,0
Lori Silverbush,7003,0
Stuart Hazeldine,7004,0
Hilary Brougher,7005,1
Rachel Goldenberg,7006,0
Corbin Bernsen,7007,2
Jamin Winans,7008,0
Tom Seidman ,7009,0
Matt Cimber,7010,0
Andrew Hyatt,7011,0
Kristin Rizzo,7012,0
Zoran Lisinac,7013,0
James O'Brien,7014,0
Tom Putnam,7015,0
Jon Matthews,7016,0
Al Silliman Jr.,7017,0
Eugène Lourié,7018,2
Lowell Sherman,7019,0
David Evans ,7020,0
Sherman Alexie,7021,0
Justin Dillon,7022,0
Stevan Mena,7023,0
Livingston Oden,7024,0
Chris Marker,7025,0
Carl Theodor Dreyer,7026,2
Marianna Palka,7027,1
Ricki Stern,7028,1
Nadia Tass,7029,0
James Kerwin,7030,0
Darren Press,7031,0
Rania Attieh,7032,0
Sharon Greytak,7033,0
Majid Majidi,7034,2
Andrew Haigh,7035,2
Cary Bell,7036,0
Nicolae Constantin Tanase,7037,2
Melvin Van Peebles,7038,0
Ken Roht,7039,0
Robinson Devor,7040,0
Michel O. Scott,7041,0
Pat Holden,7042,0
Eric Bugbee,7043,0
Bill Melendez,7044,2
Dena Seidel,7045,0
Deborah Anderson,7046,0
Sara Newens,7047,0
Sai Varadan,7048,0
Lynn Shelton,7049,1
David Hewlett,7050,2
Nate Parker,7051,2
Nathan Smith Jones,7052,0
Travis Cluff,7053,0
Robert Townsend,7054,2
Jamaa Fanaka,7055,0
Larry Blamire,7056,2
Stephen Langford,7057,2
E.L. Katz,7058,0
Lisanne Pajot,7059,0
Dan Reed,7060,2
John Reinhardt,7061,2
Patrick Ryan Sims,7062,0
László Benedek,7063,2
Jason Miller,7064,0
Sut Jhally,7065,0
Julie Davis,7066,1
Myles Berkowitz,7067,0
Brett Piper,7068,2
Brandon Trost,7069,2
Joseph Green,7070,0
Wade Gasque,7071,0
Daniel Schechter,7072,0
Matt Johnson,7073,0
Bruno Barreto,7074,2
Lena Dunham,7075,1
Terron R. Parsons,7076,0
Daniel Mellitz,7077,0
Jem Cohen,7078,2
Andrew Leman,7079,2
Dave Carroll,7080,0
William Eubank,7081,2
Patrick Meaney,7082,0
Chad Hartigan,7083,0
Malcolm Goodwin,7084,2
Kevin Jordan,7085,2
Kirk Loudon,7086,0
Travis Legge,7087,0
Collin Joseph Neal,7088,0
Bradley Rust Gray,7089,2
Mike Bruce,7090,0
Andrew Bujalski,7091,0
Damir Catic,7092,0
James Bidgood,7093,0
Eric Eason,7094,2
Joseph Mazzella,7095,0
Marcus Nispel,7096,2
Jim Chuchu,7097,0
Daryl Wein,7098,2
Jason Trost,7099,0
Jafar Panahi,7100,2
Ivan Kavanagh,7101,0
Kiyoshi Kurosawa,7102,2
Tadeo Garcia,7103,0
Thomas L. Phillips,7104,0
Ash Baron-Cohen,7105,0
Shane Carruth,7106,2
Neill Dela Llana,7107,0
Scott Smith,7108,0
Daniel Hsia,7109,2
Brian Herzlinger,7110,2